{
"lengthUnit": "mil",
"components": {
	"fields": ["COMPONENT_NO", "COMPONENT_NAME", "LAYER", "X_COORDINATE", "Y_COORDINATE", "ANGLE"],
	"rows": [
		[1, "C1", "T", -350, -145, 0],
		[2, "C2", "T", 140, -160, 270],
		[3, "C3", "T", 210, -160, 270],
		[4, "C4", "T", 370, -25, 270],
		[5, "C5", "T", 475, -200, 180],
		[6, "C8", "T", -435, 45, 270],
		[7, "H1", "T", 0, 0, 90],
		[8, "LED1", "T", -590.55, 0, 270],
		[9, "LED2", "T", 590.55, 0, 270],
		[10, "LED3", "T", -472.44, 200, 0],
		[11, "LED4", "T", 472.44, 200, 180],
		[12, "Q1", "T", -475, -70, 270],
		[13, "Q2", "T", 475, -20, 270],
		[14, "R5", "T", -350, -80, 0],
		[15, "R6", "T", -510, 45, 90],
		[16, "R7", "T", -475, -170, 180],
		[17, "R8", "T", 475, 75, 0],
		[18, "R9", "T", 475, -125, 0],
		[19, "R10", "T", -475, 135, 0],
		[20, "R11", "T", 475, 135, 180],
		[21, "SW1", "T", -170, -125, 0],
		[22, "U1", "T", -240, 85, 270],
		[23, "U27", "T", 320, -160, 180],
		[24, "U28", "B", -204.72, 0, 270],
		[25, "U29", "B", 204.72, 0, 90],
		[26, "U41", "T", 245, 145, 180]
	]
},
"pins": {
	"fields": ["PIN_NO", "PIN_NAME", "PIN_X", "PIN_Y", "LAYER", "PIN_TYPE", "NET_NAME", "NET_TYPE", "PAD_SHAPE", "PAD_SIZEX", "PAD_SIZEY", "HOLE_SIZE", "PAD_ANGLE"],
	"rows": [
		[1, "C1_1", -377.56, -145, "T", "SMD", "GND", "GND", "R", 31.5, 35.43, 0, 0],
		[2, "C1_2", -322.44, -145, "T", "SMD", "NRST", "", "R", 31.5, 35.43, 0, 0],
		[3, "C2_1", 140, -132.44, "T", "SMD", "GND", "GND", "R", 31.5, 35.43, 0, 270],
		[4, "C2_2", 140, -187.56, "T", "SMD", "5V", "", "R", 31.5, 35.43, 0, 270],
		[5, "C3_1", 210, -132.44, "T", "SMD", "GND", "GND", "R", 31.5, 35.43, 0, 270],
		[6, "C3_2", 210, -187.56, "T", "SMD", "5V", "", "R", 31.5, 35.43, 0, 270],
		[7, "C4_1", 370, 2.56, "T", "SMD", "GND", "GND", "R", 31.5, 35.43, 0, 270],
		[8, "C4_2", 370, -52.56, "T", "SMD", "3V3", "", "R", 31.5, 35.43, 0, 270],
		[9, "C5_1", 502.56, -200, "T", "SMD", "GND", "GND", "R", 31.5, 35.43, 0, 180],
		[10, "C5_2", 447.44, -200, "T", "SMD", "3V3", "", "R", 31.5, 35.43, 0, 180],
		[11, "C8_1", -435, 72.56, "T", "SMD", "3V3", "", "R", 31.5, 35.43, 0, 270],
		[12, "C8_2", -435, 17.44, "T", "SMD", "GND", "GND", "R", 31.5, 35.43, 0, 270],
		[13, "H1_1", 0, -150, "T", "DIP", "5V", "", "R", 66.93, 66.93, 43.31, 90],
		[14, "H1_1", 0, -150, "B", "DIP", "5V", "", "R", 66.93, 66.93, 43.31, 90],
		[15, "H1_2", 0, -50, "T", "DIP", "GND", "GND", "C", 66.93, 66.93, 43.31, 90],
		[16, "H1_2", 0, -50, "B", "DIP", "GND", "GND", "C", 66.93, 66.93, 43.31, 90],
		[17, "H1_3", 0, 50, "T", "DIP", "UART1_TX", "", "C", 66.93, 66.93, 43.31, 90],
		[18, "H1_3", 0, 50, "B", "DIP", "UART1_TX", "", "C", 66.93, 66.93, 43.31, 90],
		[19, "H1_4", 0, 150, "T", "DIP", "UART1_RX", "", "C", 66.93, 66.93, 43.31, 90],
		[20, "H1_4", 0, 150, "B", "DIP", "UART1_RX", "", "C", 66.93, 66.93, 43.31, 90],
		[21, "LED1_1", -590.55, -58.76, "T", "SMD", "5V", "", "R", 58.47, 63.78, 0, 270],
		[22, "LED1_2", -590.55, 58.76, "T", "SMD", "$1N1016", "", "R", 58.47, 63.78, 0, 270],
		[23, "LED2_1", 590.55, -58.76, "T", "SMD", "5V", "", "R", 58.47, 63.78, 0, 270],
		[24, "LED2_2", 590.55, 58.76, "T", "SMD", "$1N1256", "", "R", 58.47, 63.78, 0, 270],
		[25, "LED3_1", -505.94, 199.6, "T", "SMD", "$1N1474", "", "R", 31.5, 31.5, 0, 90],
		[26, "LED3_2", -442.94, 199.8, "T", "SMD", "3V3", "", "R", 31.5, 31.5, 0, 90],
		[27, "LED4_1", 505.94, 200.4, "T", "SMD", "$1N1573", "", "R", 31.5, 31.5, 0, 270],
		[28, "LED4_2", 442.94, 200.2, "T", "SMD", "3V3", "", "R", 31.5, 31.5, 0, 270],
		[29, "Q1_1", -512.4, -109.37, "T", "SMD", "$1N1078", "", "R", 49.21, 27.56, 0, 270],
		[30, "Q1_2", -437.6, -109.37, "T", "SMD", "GND", "GND", "R", 49.21, 27.56, 0, 270],
		[31, "Q1_3", -475, -30.63, "T", "SMD", "$1N990", "", "R", 49.21, 27.56, 0, 270],
		[32, "Q2_1", 437.6, -59.37, "T", "SMD", "$1N1263", "", "R", 49.21, 27.56, 0, 270],
		[33, "Q2_2", 512.4, -59.37, "T", "SMD", "GND", "GND", "R", 49.21, 27.56, 0, 270],
		[34, "Q2_3", 475, 19.37, "T", "SMD", "$1N1254", "", "R", 49.21, 27.56, 0, 270],
		[35, "R5_1", -379.66, -80, "T", "SMD", "3V3", "", "R", 31.75, 34.02, 0, 0],
		[36, "R5_2", -320.34, -80, "T", "SMD", "NRST", "", "R", 31.75, 34.02, 0, 0],
		[37, "R6_1", -510, 15.34, "T", "SMD", "$1N990", "", "R", 31.75, 34.02, 0, 90],
		[38, "R6_2", -510, 74.66, "T", "SMD", "$1N1016", "", "R", 31.75, 34.02, 0, 90],
		[39, "R7_1", -445.34, -170, "T", "SMD", "PWM1", "", "R", 31.75, 34.02, 0, 180],
		[40, "R7_2", -504.66, -170, "T", "SMD", "$1N1078", "", "R", 31.75, 34.02, 0, 180],
		[41, "R8_1", 445.34, 75, "T", "SMD", "$1N1254", "", "R", 31.75, 34.02, 0, 0],
		[42, "R8_2", 504.66, 75, "T", "SMD", "$1N1256", "", "R", 31.75, 34.02, 0, 0],
		[43, "R9_1", 445.34, -125, "T", "SMD", "PWM2", "", "R", 31.75, 34.02, 0, 0],
		[44, "R9_2", 504.66, -125, "T", "SMD", "$1N1263", "", "R", 31.75, 34.02, 0, 0],
		[45, "R10_1", -504.66, 135, "T", "SMD", "$1N1474", "", "R", 31.75, 34.02, 0, 0],
		[46, "R10_2", -445.34, 135, "T", "SMD", "LED1", "", "R", 31.75, 34.02, 0, 0],
		[47, "R11_1", 504.66, 135, "T", "SMD", "$1N1573", "", "R", 31.75, 34.02, 0, 180],
		[48, "R11_2", 445.34, 135, "T", "SMD", "LED2", "", "R", 31.75, 34.02, 0, 180],
		[49, "SW1_1", -250.12, -125, "T", "SMD", "NRST", "", "R", 60.24, 53.54, 0, 0],
		[50, "SW1_2", -89.88, -125, "T", "SMD", "GND", "GND", "R", 60.24, 53.54, 0, 0],
		[51, "U1_1", -353.03, 200.16, "T", "SMD", "UART1_RX", "", "O", 14.33, 68.58, 0, 270],
		[52, "U1_2", -353.03, 174.57, "T", "SMD", "LED1", "", "O", 14.33, 68.58, 0, 270],
		[53, "U1_3", -353.03, 148.98, "T", "SMD", "LED2", "", "O", 14.33, 68.58, 0, 270],
		[54, "U1_4", -353.03, 123.39, "T", "SMD", "3V3", "", "O", 14.33, 68.58, 0, 270],
		[55, "U1_5", -353.03, 97.79, "T", "SMD", "GND", "GND", "O", 14.33, 68.58, 0, 270],
		[56, "U1_6", -353.03, 72.2, "T", "SMD", "NRST", "", "O", 14.33, 68.58, 0, 270],
		[57, "U1_7", -353.03, 46.61, "T", "SMD", "RF1_CS", "", "O", 14.33, 68.58, 0, 270],
		[58, "U1_8", -353.03, 21.02, "T", "SMD", "RF_SCK", "", "O", 14.33, 68.58, 0, 270],
		[59, "U1_9", -353.03, -4.57, "T", "SMD", "RF_MOSI", "", "O", 14.33, 68.58, 0, 270],
		[60, "U1_10", -353.03, -30.16, "T", "SMD", "RF2_CS", "", "O", 14.33, 68.58, 0, 270],
		[61, "U1_11", -126.97, -30.16, "T", "SMD", "RF1_CE", "", "O", 14.33, 68.58, 0, 270],
		[62, "U1_12", -126.97, -4.57, "T", "SMD", "RF2_CE", "", "O", 14.33, 68.58, 0, 270],
		[63, "U1_13", -126.97, 21.02, "T", "SMD", "RF_MISO", "", "O", 14.33, 68.58, 0, 270],
		[64, "U1_14", -126.97, 46.61, "T", "SMD", "RF2_IRQ", "", "O", 14.33, 68.58, 0, 270],
		[65, "U1_15", -126.97, 72.2, "T", "SMD", "PWM1", "", "O", 14.33, 68.58, 0, 270],
		[66, "U1_16", -126.97, 97.79, "T", "SMD", "PWM2", "", "O", 14.33, 68.58, 0, 270],
		[67, "U1_17", -126.97, 123.39, "T", "SMD", "RF1_IRQ", "", "O", 14.33, 68.58, 0, 270],
		[68, "U1_18", -126.97, 148.98, "T", "SMD", "SWDIO", "", "O", 14.33, 68.58, 0, 270],
		[69, "U1_19", -126.97, 174.57, "T", "SMD", "SWCLK", "", "O", 14.33, 68.58, 0, 270],
		[70, "U1_20", -126.97, 200.16, "T", "SMD", "UART1_TX", "", "O", 14.33, 68.58, 0, 270],
		[71, "U27_1", 268.82, -122.6, "T", "SMD", "5V", "", "R", 39.37, 23.62, 0, 180],
		[72, "U27_2", 268.82, -160, "T", "SMD", "GND", "GND", "R", 39.37, 23.62, 0, 180],
		[73, "U27_3", 268.82, -197.4, "T", "SMD", "5V", "", "R", 39.37, 23.62, 0, 180],
		[74, "U27_4", 371.18, -197.4, "T", "SMD", "GND", "GND", "R", 39.37, 23.62, 0, 180],
		[75, "U27_5", 371.18, -122.6, "T", "SMD", "3V3", "", "R", 39.37, 23.62, 0, 180],
		[76, "U28_1", -204.72, 173.23, "B", "SMD", "3V3", "", "P", 100, 32.01, 0, 270],
		[77, "U28_2", -204.72, 123.23, "B", "SMD", "GND", "GND", "P", 100, 32.01, 0, 270],
		[78, "U28_3", -204.72, 73.23, "B", "SMD", "RF1_CE", "", "P", 100, 32.01, 0, 270],
		[79, "U28_4", -204.72, 23.23, "B", "SMD", "RF1_CS", "", "P", 100, 32.01, 0, 270],
		[80, "U28_5", -204.72, -26.77, "B", "SMD", "RF_SCK", "", "P", 100, 32.01, 0, 270],
		[81, "U28_6", -204.72, -76.77, "B", "SMD", "RF_MOSI", "", "P", 100, 32.01, 0, 270],
		[82, "U28_7", -204.72, -126.77, "B", "SMD", "RF_MISO", "", "P", 100, 32.01, 0, 270],
		[83, "U28_8", -204.72, -176.77, "B", "SMD", "RF1_IRQ", "", "P", 100, 32.01, 0, 270],
		[84, "U29_1", 204.72, -173.23, "B", "SMD", "3V3", "", "P", 100, 32.01, 0, 90],
		[85, "U29_2", 204.72, -123.23, "B", "SMD", "GND", "GND", "P", 100, 32.01, 0, 90],
		[86, "U29_3", 204.72, -73.23, "B", "SMD", "RF2_CE", "", "P", 100, 32.01, 0, 90],
		[87, "U29_4", 204.72, -23.23, "B", "SMD", "RF2_CS", "", "P", 100, 32.01, 0, 90],
		[88, "U29_5", 204.72, 26.77, "B", "SMD", "RF_SCK", "", "P", 100, 32.01, 0, 90],
		[89, "U29_6", 204.72, 76.77, "B", "SMD", "RF_MOSI", "", "P", 100, 32.01, 0, 90],
		[90, "U29_7", 204.72, 126.77, "B", "SMD", "RF_MISO", "", "P", 100, 32.01, 0, 90],
		[91, "U29_8", 204.72, 176.77, "B", "SMD", "RF2_IRQ", "", "P", 100, 32.01, 0, 90],
		[92, "U41_1", 304.05, 78.07, "T", "SMD", "SWCLK", "", "R", 19.68, 66.93, 0, 180],
		[93, "U41_2", 264.68, 78.07, "T", "SMD", "SWDIO", "", "R", 19.68, 66.93, 0, 180],
		[94, "U41_3", 225.31, 78.07, "T", "SMD", "5V", "", "R", 19.68, 66.93, 0, 180],
		[95, "U41_4", 185.94, 78.07, "T", "SMD", "GND", "GND", "R", 19.68, 66.93, 0, 180],
		[96, "U41_5", 142.64, 211.93, "T", "SMD", "LED2", "", "R", 47.24, 98.42, 0, 180],
		[97, "U41_6", 347.36, 211.93, "T", "SMD", "LED2", "", "R", 47.24, 98.42, 0, 180]
	]
}
}